<?xml version="1.0" encoding="UTF-8"?>
<!DOCTYPE hibernate-mapping PUBLIC "-//Hibernate/HibernateMappingDTD 3.0//EN"
                                   "http://hibernate.sourceforge.net/hibernate-mapping-3.0.dtd">
<hibernate-mapping >
	<class catalog="RelationDBMS" name="cn.edu.zjut.po.Shopactive" schema="dbo" table="shopactive">
		<id name="shopactiveID" type="int">
   			<column name="shopactiveID"/>
			<generator class="increment"/>
  		</id>
  		<property  name="title" type="string">
   			<column length="20" name="title"/>
  		</property>
  		<property name="description" type="string">
  			 <column length="100" name="description"/>
 		</property>
 		<property  name="publisheddate" type="string">
   			<column name="publisheddate"/>
   		</property>
  		<many-to-one name="business" class="cn.edu.zjut.po.Business" fetch="select" unique="true" lazy="false"> 
  			<column name="businessID"/> 
  		</many-to-one> 
 	</class>
</hibernate-mapping>